{
  "multimodal_cross_clean": {
    "metrics": {
      "accuracy": 0.905,
      "precision": 0.991,
      "recall": 0.897,
      "f1": 0.942,
      "macro_f1": 0.84,
      "auc": 0.9809670781893005
    }
  },
  "unimodal_txt_clean": {
    "metrics": {
      "accuracy": 0.929,
      "precision": 0.934,
      "recall": 0.988,
      "f1": 0.96,
      "macro_f1": 0.828,
      "auc": 0.9317901234567901
    }
  },
  "unimodal_img_clean": {
    "metrics": {
      "accuracy": 0.89,
      "precision": 0.898,
      "recall": 0.984,
      "f1": 0.939,
      "macro_f1": 0.698,
      "auc": 0.7784979423868312
    }
  },
  "multimodal_fusion_mean_clean": {
    "metrics": {
      "accuracy": 0.905,
      "precision": 0.903,
      "recall": 0.996,
      "f1": 0.947,
      "macro_f1": 0.728,
      "auc": 0.9223765432098766
    }
  },
  "multimodal_fusion_min_clean": {
    "metrics": {
      "accuracy": 0.929,
      "precision": 0.944,
      "recall": 0.975,
      "f1": 0.96,
      "macro_f1": 0.841,
      "auc": 0.9233024691358024
    }
  },
  "multimodal_fusion_max_clean": {
    "metrics": {
      "accuracy": 0.89,
      "precision": 0.89,
      "recall": 0.996,
      "f1": 0.94,
      "macro_f1": 0.666,
      "auc": 0.8264917695473251
    }
  }
}