{
  "multimodal_cross_clean": {
    "metrics": {
      "accuracy": 0.936,
      "precision": 0.696,
      "recall": 0.975,
      "f1": 0.812,
      "macro_f1": 0.887,
      "auc": 0.9926954732510288
    }
  },
  "unimodal_txt_clean": {
    "metrics": {
      "accuracy": 0.929,
      "precision": 0.917,
      "recall": 0.55,
      "f1": 0.687,
      "macro_f1": 0.824,
      "auc": 0.9348251028806585
    }
  },
  "unimodal_img_clean": {
    "metrics": {
      "accuracy": 0.89,
      "precision": 0.765,
      "recall": 0.325,
      "f1": 0.456,
      "macro_f1": 0.698,
      "auc": 0.7786522633744856
    }
  },
  "multimodal_fusion_mean_clean": {
    "metrics": {
      "accuracy": 0.898,
      "precision": 0.867,
      "recall": 0.325,
      "f1": 0.473,
      "macro_f1": 0.708,
      "auc": 0.9244855967078188
    }
  },
  "multimodal_fusion_min_clean": {
    "metrics": {
      "accuracy": 0.922,
      "precision": 0.8,
      "recall": 0.6,
      "f1": 0.686,
      "macro_f1": 0.821,
      "auc": 0.9259773662551439
    }
  },
  "multimodal_fusion_max_clean": {
    "metrics": {
      "accuracy": 0.898,
      "precision": 1.0,
      "recall": 0.275,
      "f1": 0.431,
      "macro_f1": 0.688,
      "auc": 0.8343106995884775
    }
  }
}