{
  "multimodal_cross_corr": {
    "metrics": {
      "accuracy": 0.375,
      "precision": 0.844,
      "recall": 0.333,
      "f1": 0.478,
      "macro_f1": 0.349,
      "auc": 0.4960905349794239
    }
  },
  "unimodal_txt_corr": {
    "metrics": {
      "accuracy": 0.862,
      "precision": 0.908,
      "recall": 0.934,
      "f1": 0.921,
      "macro_f1": 0.693,
      "auc": 0.874485596707819
    }
  },
  "unimodal_img_corr": {
    "metrics": {
      "accuracy": 0.813,
      "precision": 0.874,
      "recall": 0.914,
      "f1": 0.893,
      "macro_f1": 0.563,
      "auc": 0.5063271604938272
    }
  },
  "multimodal_fusion_mean_corr": {
    "metrics": {
      "accuracy": 0.869,
      "precision": 0.887,
      "recall": 0.971,
      "f1": 0.927,
      "macro_f1": 0.639,
      "auc": 0.8037037037037036
    }
  },
  "multimodal_fusion_min_corr": {
    "metrics": {
      "accuracy": 0.806,
      "precision": 0.905,
      "recall": 0.864,
      "f1": 0.884,
      "macro_f1": 0.64,
      "auc": 0.8034465020576131
    }
  },
  "multimodal_fusion_max_corr": {
    "metrics": {
      "accuracy": 0.869,
      "precision": 0.879,
      "recall": 0.984,
      "f1": 0.928,
      "macro_f1": 0.601,
      "auc": 0.5994341563786008
    }
  },
  "multimodal_txt_corr": {
    "metrics": {
      "accuracy": 0.657,
      "precision": 0.951,
      "recall": 0.634,
      "f1": 0.76,
      "macro_f1": 0.579,
      "auc": 0.8790123456790123
    }
  },
  "multimodal_img_corr": {
    "metrics": {
      "accuracy": 0.678,
      "precision": 0.987,
      "recall": 0.634,
      "f1": 0.772,
      "macro_f1": 0.614,
      "auc": 0.9402263374485598
    }
  }
}