{
  "multimodal_cross_corr": {
    "metrics": {
      "accuracy": 0.862,
      "precision": 0.908,
      "recall": 0.934,
      "f1": 0.921,
      "macro_f1": 0.693,
      "auc": 0.8054526748971194
    }
  },
  "unimodal_txt_corr": {
    "metrics": {
      "accuracy": 0.89,
      "precision": 0.893,
      "recall": 0.992,
      "f1": 0.94,
      "macro_f1": 0.677,
      "auc": 0.9331790123456791
    }
  },
  "unimodal_img_corr": {
    "metrics": {
      "accuracy": 0.845,
      "precision": 0.857,
      "recall": 0.984,
      "f1": 0.916,
      "macro_f1": 0.458,
      "auc": 0.1095164609053498
    }
  },
  "multimodal_fusion_mean_corr": {
    "metrics": {
      "accuracy": 0.852,
      "precision": 0.858,
      "recall": 0.992,
      "f1": 0.92,
      "macro_f1": 0.46,
      "auc": 0.8933127572016462
    }
  },
  "multimodal_fusion_min_corr": {
    "metrics": {
      "accuracy": 0.876,
      "precision": 0.891,
      "recall": 0.975,
      "f1": 0.931,
      "macro_f1": 0.659,
      "auc": 0.8997427983539095
    }
  },
  "multimodal_fusion_max_corr": {
    "metrics": {
      "accuracy": 0.859,
      "precision": 0.859,
      "recall": 1.0,
      "f1": 0.924,
      "macro_f1": 0.462,
      "auc": 0.1272119341563786
    }
  },
  "multimodal_txt_corr": {
    "metrics": {
      "accuracy": 0.898,
      "precision": 0.95,
      "recall": 0.93,
      "f1": 0.94,
      "macro_f1": 0.799,
      "auc": 0.9624485596707819
    }
  },
  "multimodal_img_corr": {
    "metrics": {
      "accuracy": 0.936,
      "precision": 0.991,
      "recall": 0.934,
      "f1": 0.962,
      "macro_f1": 0.885,
      "auc": 0.9652263374485597
    }
  }
}