{
  "multimodal_cross_corr": {
    "metrics": {
      "accuracy": 0.367,
      "precision": 0.84,
      "recall": 0.325,
      "f1": 0.469,
      "macro_f1": 0.344,
      "auc": 0.5167695473251029
    }
  },
  "unimodal_txt_corr": {
    "metrics": {
      "accuracy": 0.862,
      "precision": 0.908,
      "recall": 0.934,
      "f1": 0.921,
      "macro_f1": 0.693,
      "auc": 0.874485596707819
    }
  },
  "unimodal_img_corr": {
    "metrics": {
      "accuracy": 0.809,
      "precision": 0.874,
      "recall": 0.909,
      "f1": 0.891,
      "macro_f1": 0.56,
      "auc": 0.4915637860082304
    }
  },
  "multimodal_fusion_mean_corr": {
    "metrics": {
      "accuracy": 0.869,
      "precision": 0.887,
      "recall": 0.971,
      "f1": 0.927,
      "macro_f1": 0.639,
      "auc": 0.8002057613168725
    }
  },
  "multimodal_fusion_min_corr": {
    "metrics": {
      "accuracy": 0.806,
      "precision": 0.909,
      "recall": 0.86,
      "f1": 0.884,
      "macro_f1": 0.646,
      "auc": 0.7990226337448559
    }
  },
  "multimodal_fusion_max_corr": {
    "metrics": {
      "accuracy": 0.866,
      "precision": 0.875,
      "recall": 0.984,
      "f1": 0.926,
      "macro_f1": 0.583,
      "auc": 0.5832818930041153
    }
  },
  "multimodal_txt_corr": {
    "metrics": {
      "accuracy": 0.668,
      "precision": 0.963,
      "recall": 0.638,
      "f1": 0.767,
      "macro_f1": 0.594,
      "auc": 0.8819958847736625
    }
  },
  "multimodal_img_corr": {
    "metrics": {
      "accuracy": 0.675,
      "precision": 0.987,
      "recall": 0.63,
      "f1": 0.769,
      "macro_f1": 0.611,
      "auc": 0.9402263374485598
    }
  }
}