{
  "multimodal_cross_clean": {
    "metrics": {
      "accuracy": 0.933,
      "precision": 0.996,
      "recall": 0.926,
      "f1": 0.959,
      "macro_f1": 0.882,
      "auc": 0.9931069958847737
    }
  },
  "unimodal_txt_clean": {
    "metrics": {
      "accuracy": 0.929,
      "precision": 0.931,
      "recall": 0.992,
      "f1": 0.96,
      "macro_f1": 0.824,
      "auc": 0.9348251028806585
    }
  },
  "unimodal_img_clean": {
    "metrics": {
      "accuracy": 0.89,
      "precision": 0.898,
      "recall": 0.984,
      "f1": 0.939,
      "macro_f1": 0.698,
      "auc": 0.7790637860082305
    }
  },
  "multimodal_fusion_mean_clean": {
    "metrics": {
      "accuracy": 0.898,
      "precision": 0.899,
      "recall": 0.992,
      "f1": 0.943,
      "macro_f1": 0.708,
      "auc": 0.9245884773662552
    }
  },
  "multimodal_fusion_min_clean": {
    "metrics": {
      "accuracy": 0.922,
      "precision": 0.937,
      "recall": 0.975,
      "f1": 0.956,
      "macro_f1": 0.821,
      "auc": 0.9259773662551438
    }
  },
  "multimodal_fusion_max_clean": {
    "metrics": {
      "accuracy": 0.898,
      "precision": 0.893,
      "recall": 1.0,
      "f1": 0.944,
      "macro_f1": 0.688,
      "auc": 0.8344650205761317
    }
  }
}