{
  "multimodal_cross_corr": {
    "metrics": {
      "accuracy": 0.88,
      "precision": 0.934,
      "recall": 0.926,
      "f1": 0.93,
      "macro_f1": 0.758,
      "auc": 0.8854938271604939
    }
  },
  "unimodal_txt_corr": {
    "metrics": {
      "accuracy": 0.862,
      "precision": 0.908,
      "recall": 0.934,
      "f1": 0.921,
      "macro_f1": 0.693,
      "auc": 0.874485596707819
    }
  },
  "unimodal_img_corr": {
    "metrics": {
      "accuracy": 0.809,
      "precision": 0.876,
      "recall": 0.905,
      "f1": 0.891,
      "macro_f1": 0.57,
      "auc": 0.49346707818930036
    }
  },
  "multimodal_fusion_mean_corr": {
    "metrics": {
      "accuracy": 0.869,
      "precision": 0.887,
      "recall": 0.971,
      "f1": 0.927,
      "macro_f1": 0.639,
      "auc": 0.8002572016460905
    }
  },
  "multimodal_fusion_min_corr": {
    "metrics": {
      "accuracy": 0.802,
      "precision": 0.908,
      "recall": 0.856,
      "f1": 0.881,
      "macro_f1": 0.643,
      "auc": 0.799074074074074
    }
  },
  "multimodal_fusion_max_corr": {
    "metrics": {
      "accuracy": 0.869,
      "precision": 0.879,
      "recall": 0.984,
      "f1": 0.928,
      "macro_f1": 0.601,
      "auc": 0.5848251028806584
    }
  },
  "multimodal_txt_corr": {
    "metrics": {
      "accuracy": 0.919,
      "precision": 0.974,
      "recall": 0.93,
      "f1": 0.952,
      "macro_f1": 0.849,
      "auc": 0.9695473251028808
    }
  },
  "multimodal_img_corr": {
    "metrics": {
      "accuracy": 0.929,
      "precision": 0.991,
      "recall": 0.926,
      "f1": 0.957,
      "macro_f1": 0.875,
      "auc": 0.9846707818930042
    }
  }
}