{
  "multimodal_cross_corr": {
    "metrics": {
      "accuracy": 0.88,
      "precision": 0.575,
      "recall": 0.575,
      "f1": 0.575,
      "macro_f1": 0.753,
      "auc": 0.8747942386831276
    }
  },
  "unimodal_txt_corr": {
    "metrics": {
      "accuracy": 0.912,
      "precision": 0.895,
      "recall": 0.425,
      "f1": 0.576,
      "macro_f1": 0.763,
      "auc": 0.9351337448559671
    }
  },
  "unimodal_img_corr": {
    "metrics": {
      "accuracy": 0.845,
      "precision": 0.0,
      "recall": 0.0,
      "f1": 0.0,
      "macro_f1": 0.458,
      "auc": 0.10802469135802469
    }
  },
  "multimodal_fusion_mean_corr": {
    "metrics": {
      "accuracy": 0.852,
      "precision": 0.0,
      "recall": 0.0,
      "f1": 0.0,
      "macro_f1": 0.46,
      "auc": 0.8960905349794239
    }
  },
  "multimodal_fusion_min_corr": {
    "metrics": {
      "accuracy": 0.898,
      "precision": 0.739,
      "recall": 0.425,
      "f1": 0.54,
      "macro_f1": 0.741,
      "auc": 0.9036008230452675
    }
  },
  "multimodal_fusion_max_corr": {
    "metrics": {
      "accuracy": 0.859,
      "precision": 0.0,
      "recall": 0.0,
      "f1": 0.0,
      "macro_f1": 0.462,
      "auc": 0.12705761316872427
    }
  },
  "multimodal_txt_corr": {
    "metrics": {
      "accuracy": 0.912,
      "precision": 0.653,
      "recall": 0.8,
      "f1": 0.719,
      "macro_f1": 0.833,
      "auc": 0.9704732510288065
    }
  },
  "multimodal_img_corr": {
    "metrics": {
      "accuracy": 0.933,
      "precision": 0.691,
      "recall": 0.95,
      "f1": 0.8,
      "macro_f1": 0.88,
      "auc": 0.9676954732510288
    }
  }
}