{
  "multimodal_cross_clean": {
    "metrics": {
      "accuracy": 0.933,
      "precision": 0.991,
      "recall": 0.93,
      "f1": 0.96,
      "macro_f1": 0.88,
      "auc": 0.988477366255144
    }
  },
  "unimodal_txt_clean": {
    "metrics": {
      "accuracy": 0.922,
      "precision": 0.93,
      "recall": 0.984,
      "f1": 0.956,
      "macro_f1": 0.811,
      "auc": 0.9443930041152263
    }
  },
  "unimodal_img_clean": {
    "metrics": {
      "accuracy": 0.89,
      "precision": 0.898,
      "recall": 0.984,
      "f1": 0.939,
      "macro_f1": 0.698,
      "auc": 0.7784979423868312
    }
  },
  "multimodal_fusion_mean_clean": {
    "metrics": {
      "accuracy": 0.905,
      "precision": 0.903,
      "recall": 0.996,
      "f1": 0.947,
      "macro_f1": 0.728,
      "auc": 0.9289609053497943
    }
  },
  "multimodal_fusion_min_clean": {
    "metrics": {
      "accuracy": 0.919,
      "precision": 0.937,
      "recall": 0.971,
      "f1": 0.954,
      "macro_f1": 0.815,
      "auc": 0.9304012345679011
    }
  },
  "multimodal_fusion_max_clean": {
    "metrics": {
      "accuracy": 0.894,
      "precision": 0.893,
      "recall": 0.996,
      "f1": 0.942,
      "macro_f1": 0.682,
      "auc": 0.8377057613168725
    }
  }
}