{
  "multimodal_cross_corr": {
    "metrics": {
      "accuracy": 0.102,
      "precision": 0.077,
      "recall": 0.004,
      "f1": 0.008,
      "macro_f1": 0.094,
      "auc": 0.19465020576131686
    }
  },
  "unimodal_txt_corr": {
    "metrics": {
      "accuracy": 0.887,
      "precision": 0.917,
      "recall": 0.955,
      "f1": 0.935,
      "macro_f1": 0.739,
      "auc": 0.8856995884773662
    }
  },
  "unimodal_img_corr": {
    "metrics": {
      "accuracy": 0.813,
      "precision": 0.877,
      "recall": 0.909,
      "f1": 0.893,
      "macro_f1": 0.573,
      "auc": 0.4929526748971193
    }
  },
  "multimodal_fusion_mean_corr": {
    "metrics": {
      "accuracy": 0.876,
      "precision": 0.891,
      "recall": 0.975,
      "f1": 0.931,
      "macro_f1": 0.659,
      "auc": 0.8291666666666666
    }
  },
  "multimodal_fusion_min_corr": {
    "metrics": {
      "accuracy": 0.83,
      "precision": 0.926,
      "recall": 0.872,
      "f1": 0.898,
      "macro_f1": 0.694,
      "auc": 0.826440329218107
    }
  },
  "multimodal_fusion_max_corr": {
    "metrics": {
      "accuracy": 0.869,
      "precision": 0.873,
      "recall": 0.992,
      "f1": 0.929,
      "macro_f1": 0.571,
      "auc": 0.553858024691358
    }
  },
  "multimodal_txt_corr": {
    "metrics": {
      "accuracy": 0.654,
      "precision": 0.98,
      "recall": 0.609,
      "f1": 0.751,
      "macro_f1": 0.591,
      "auc": 0.9421810699588478
    }
  },
  "multimodal_img_corr": {
    "metrics": {
      "accuracy": 0.124,
      "precision": 0.222,
      "recall": 0.008,
      "f1": 0.016,
      "macro_f1": 0.113,
      "auc": 0.5413580246913581
    }
  }
}