{
  "multimodal_cross_corr": {
    "metrics": {
      "accuracy": 0.198,
      "precision": 0.7,
      "recall": 0.115,
      "f1": 0.198,
      "macro_f1": 0.198,
      "auc": 0.5194444444444445
    }
  },
  "unimodal_txt_corr": {
    "metrics": {
      "accuracy": 0.887,
      "precision": 0.92,
      "recall": 0.951,
      "f1": 0.935,
      "macro_f1": 0.745,
      "auc": 0.896604938271605
    }
  },
  "unimodal_img_corr": {
    "metrics": {
      "accuracy": 0.816,
      "precision": 0.875,
      "recall": 0.918,
      "f1": 0.896,
      "macro_f1": 0.565,
      "auc": 0.4976337448559671
    }
  },
  "multimodal_fusion_mean_corr": {
    "metrics": {
      "accuracy": 0.876,
      "precision": 0.891,
      "recall": 0.975,
      "f1": 0.931,
      "macro_f1": 0.659,
      "auc": 0.8198045267489712
    }
  },
  "multimodal_fusion_min_corr": {
    "metrics": {
      "accuracy": 0.83,
      "precision": 0.926,
      "recall": 0.872,
      "f1": 0.898,
      "macro_f1": 0.694,
      "auc": 0.8209876543209875
    }
  },
  "multimodal_fusion_max_corr": {
    "metrics": {
      "accuracy": 0.873,
      "precision": 0.874,
      "recall": 0.996,
      "f1": 0.931,
      "macro_f1": 0.574,
      "auc": 0.586111111111111
    }
  },
  "multimodal_txt_corr": {
    "metrics": {
      "accuracy": 0.661,
      "precision": 0.98,
      "recall": 0.617,
      "f1": 0.758,
      "macro_f1": 0.596,
      "auc": 0.9462962962962963
    }
  },
  "multimodal_img_corr": {
    "metrics": {
      "accuracy": 0.353,
      "precision": 0.941,
      "recall": 0.263,
      "f1": 0.412,
      "macro_f1": 0.347,
      "auc": 0.8831275720164609
    }
  }
}