{
  "multimodal_cross_corr": {
    "metrics": {
      "accuracy": 0.887,
      "precision": 0.934,
      "recall": 0.934,
      "f1": 0.934,
      "macro_f1": 0.767,
      "auc": 0.8809670781893004
    }
  },
  "unimodal_txt_corr": {
    "metrics": {
      "accuracy": 0.862,
      "precision": 0.908,
      "recall": 0.934,
      "f1": 0.921,
      "macro_f1": 0.693,
      "auc": 0.874485596707819
    }
  },
  "unimodal_img_corr": {
    "metrics": {
      "accuracy": 0.816,
      "precision": 0.877,
      "recall": 0.914,
      "f1": 0.895,
      "macro_f1": 0.576,
      "auc": 0.5003086419753087
    }
  },
  "multimodal_fusion_mean_corr": {
    "metrics": {
      "accuracy": 0.869,
      "precision": 0.89,
      "recall": 0.967,
      "f1": 0.927,
      "macro_f1": 0.65,
      "auc": 0.7998456790123456
    }
  },
  "multimodal_fusion_min_corr": {
    "metrics": {
      "accuracy": 0.809,
      "precision": 0.909,
      "recall": 0.864,
      "f1": 0.886,
      "macro_f1": 0.65,
      "auc": 0.7998971193415637
    }
  },
  "multimodal_fusion_max_corr": {
    "metrics": {
      "accuracy": 0.869,
      "precision": 0.879,
      "recall": 0.984,
      "f1": 0.928,
      "macro_f1": 0.601,
      "auc": 0.5922325102880659
    }
  },
  "multimodal_txt_corr": {
    "metrics": {
      "accuracy": 0.908,
      "precision": 0.966,
      "recall": 0.926,
      "f1": 0.945,
      "macro_f1": 0.828,
      "auc": 0.9704732510288065
    }
  },
  "multimodal_img_corr": {
    "metrics": {
      "accuracy": 0.933,
      "precision": 0.991,
      "recall": 0.93,
      "f1": 0.96,
      "macro_f1": 0.88,
      "auc": 0.9846707818930042
    }
  }
}